Language,Alphabet,Alphabet2,Word
Spanish,A,A,
Spanish,A,B,
Spanish,A,C,
Spanish,A,D,
Spanish,A,E,
Spanish,A,F,
Spanish,A,G,
Spanish,A,H,
Spanish,A,I,
Spanish,A,J,
Spanish,A,K,
Spanish,A,L,
Spanish,A,M,
Spanish,A,N,
Spanish,A,O,
Spanish,A,P,
Spanish,A,Q,
Spanish,A,R,
Spanish,A,S,
Spanish,A,T,
Spanish,A,U,
Spanish,A,V,
Spanish,A,W,
Spanish,A,X,
Spanish,A,Y,
Spanish,A,Z,
Spanish,B,A,
Spanish,B,B,
Spanish,B,C,
Spanish,B,D,
Spanish,B,E,
Spanish,B,F,
Spanish,B,G,
Spanish,B,H,
Spanish,B,I,
Spanish,B,J,
Spanish,B,K,
Spanish,B,L,
Spanish,B,M,
Spanish,B,N,
Spanish,B,O,
Spanish,B,P,
Spanish,B,Q,
Spanish,B,R,
Spanish,B,S,
Spanish,B,T,
Spanish,B,U,
Spanish,B,V,
Spanish,B,W,
Spanish,B,X,
Spanish,B,Y,
Spanish,B,Z,
Spanish,C,A,
Spanish,C,B,
Spanish,C,C,
Spanish,C,D,
Spanish,C,E,
Spanish,C,F,
Spanish,C,G,
Spanish,C,H,
Spanish,C,I,
Spanish,C,J,
Spanish,C,K,
Spanish,C,L,
Spanish,C,M,
Spanish,C,N,
Spanish,C,O,
Spanish,C,P,
Spanish,C,Q,
Spanish,C,R,
Spanish,C,S,
Spanish,C,T,
Spanish,C,U,
Spanish,C,V,
Spanish,C,W,
Spanish,C,X,
Spanish,C,Y,
Spanish,C,Z,
Spanish,D,A,
Spanish,D,B,
Spanish,D,C,
Spanish,D,D,
Spanish,D,E,
Spanish,D,F,
Spanish,D,G,
Spanish,D,H,
Spanish,D,I,
Spanish,D,J,
Spanish,D,K,
Spanish,D,L,
Spanish,D,M,
Spanish,D,N,
Spanish,D,O,
Spanish,D,P,
Spanish,D,Q,
Spanish,D,R,
Spanish,D,S,
Spanish,D,T,
Spanish,D,U,
Spanish,D,V,
Spanish,D,W,
Spanish,D,X,
Spanish,D,Y,
Spanish,D,Z,
Spanish,E,A,
Spanish,E,B,
Spanish,E,C,
Spanish,E,D,
Spanish,E,E,
Spanish,E,F,
Spanish,E,G,
Spanish,E,H,
Spanish,E,I,
Spanish,E,J,
Spanish,E,K,
Spanish,E,L,
Spanish,E,M,
Spanish,E,N,
Spanish,E,O,
Spanish,E,P,
Spanish,E,Q,
Spanish,E,R,
Spanish,E,S,
Spanish,E,T,
Spanish,E,U,
Spanish,E,V,
Spanish,E,W,
Spanish,E,X,
Spanish,E,Y,
Spanish,E,Z,
Spanish,F,A,
Spanish,F,B,
Spanish,F,C,
Spanish,F,D,
Spanish,F,E,
Spanish,F,F,
Spanish,F,G,
Spanish,F,H,
Spanish,F,I,
Spanish,F,J,
Spanish,F,K,
Spanish,F,L,
Spanish,F,M,
Spanish,F,N,
Spanish,F,O,
Spanish,F,P,
Spanish,F,Q,
Spanish,F,R,
Spanish,F,S,
Spanish,F,T,
Spanish,F,U,
Spanish,F,V,
Spanish,F,W,
Spanish,F,X,
Spanish,F,Y,
Spanish,F,Z,
Spanish,G,A,
Spanish,G,B,
Spanish,G,C,
Spanish,G,D,
Spanish,G,E,
Spanish,G,F,
Spanish,G,G,
Spanish,G,H,
Spanish,G,I,
Spanish,G,J,
Spanish,G,K,
Spanish,G,L,
Spanish,G,M,
Spanish,G,N,
Spanish,G,O,
Spanish,G,P,
Spanish,G,Q,
Spanish,G,R,
Spanish,G,S,
Spanish,G,T,
Spanish,G,U,
Spanish,G,V,
Spanish,G,W,
Spanish,G,X,
Spanish,G,Y,
Spanish,G,Z,
Spanish,H,A,
Spanish,H,B,
Spanish,H,C,
Spanish,H,D,
Spanish,H,E,
Spanish,H,F,
Spanish,H,G,
Spanish,H,H,
Spanish,H,I,
Spanish,H,J,
Spanish,H,K,
Spanish,H,L,
Spanish,H,M,
Spanish,H,N,
Spanish,H,O,
Spanish,H,P,
Spanish,H,Q,
Spanish,H,R,
Spanish,H,S,
Spanish,H,T,
Spanish,H,U,
Spanish,H,V,
Spanish,H,W,
Spanish,H,X,
Spanish,H,Y,
Spanish,H,Z,
Spanish,I,A,
Spanish,I,B,
Spanish,I,C,
Spanish,I,D,
Spanish,I,E,
Spanish,I,F,
Spanish,I,G,
Spanish,I,H,
Spanish,I,I,
Spanish,I,J,
Spanish,I,K,
Spanish,I,L,
Spanish,I,M,
Spanish,I,N,
Spanish,I,O,
Spanish,I,P,
Spanish,I,Q,
Spanish,I,R,
Spanish,I,S,
Spanish,I,T,
Spanish,I,U,
Spanish,I,V,
Spanish,I,W,
Spanish,I,X,
Spanish,I,Y,
Spanish,I,Z,
Spanish,J,A,
Spanish,J,B,
Spanish,J,C,
Spanish,J,D,
Spanish,J,E,
Spanish,J,F,
Spanish,J,G,
Spanish,J,H,
Spanish,J,I,
Spanish,J,J,
Spanish,J,K,
Spanish,J,L,
Spanish,J,M,
Spanish,J,N,
Spanish,J,O,
Spanish,J,P,
Spanish,J,Q,
Spanish,J,R,
Spanish,J,S,
Spanish,J,T,
Spanish,J,U,
Spanish,J,V,
Spanish,J,W,
Spanish,J,X,
Spanish,J,Y,
Spanish,J,Z,
Spanish,K,A,
Spanish,K,B,
Spanish,K,C,
Spanish,K,D,
Spanish,K,E,
Spanish,K,F,
Spanish,K,G,
Spanish,K,H,
Spanish,K,I,
Spanish,K,J,
Spanish,K,K,
Spanish,K,L,
Spanish,K,M,
Spanish,K,N,
Spanish,K,O,
Spanish,K,P,
Spanish,K,Q,
Spanish,K,R,
Spanish,K,S,
Spanish,K,T,
Spanish,K,U,
Spanish,K,V,
Spanish,K,W,
Spanish,K,X,
Spanish,K,Y,
Spanish,K,Z,
Spanish,L,A,
Spanish,L,B,
Spanish,L,C,
Spanish,L,D,
Spanish,L,E,
Spanish,L,F,
Spanish,L,G,
Spanish,L,H,
Spanish,L,I,
Spanish,L,J,
Spanish,L,K,
Spanish,L,L,
Spanish,L,M,
Spanish,L,N,
Spanish,L,O,
Spanish,L,P,
Spanish,L,Q,
Spanish,L,R,
Spanish,L,S,
Spanish,L,T,
Spanish,L,U,
Spanish,L,V,
Spanish,L,W,
Spanish,L,X,
Spanish,L,Y,
Spanish,L,Z,
Spanish,M,A,
Spanish,M,B,
Spanish,M,C,
Spanish,M,D,
Spanish,M,E,
Spanish,M,F,
Spanish,M,G,
Spanish,M,H,
Spanish,M,I,
Spanish,M,J,
Spanish,M,K,
Spanish,M,L,
Spanish,M,M,
Spanish,M,N,
Spanish,M,O,
Spanish,M,P,
Spanish,M,Q,
Spanish,M,R,
Spanish,M,S,
Spanish,M,T,
Spanish,M,U,
Spanish,M,V,
Spanish,M,W,
Spanish,M,X,
Spanish,M,Y,
Spanish,M,Z,
Spanish,Ñ,A,
Spanish,Ñ,B,
Spanish,Ñ,C,
Spanish,Ñ,D,
Spanish,Ñ,E,
Spanish,Ñ,F,
Spanish,Ñ,G,
Spanish,Ñ,H,
Spanish,Ñ,I,
Spanish,Ñ,J,
Spanish,Ñ,K,
Spanish,Ñ,L,
Spanish,Ñ,M,
Spanish,Ñ,N,
Spanish,Ñ,O,
Spanish,Ñ,P,
Spanish,Ñ,Q,
Spanish,Ñ,R,
Spanish,Ñ,S,
Spanish,Ñ,T,
Spanish,Ñ,U,
Spanish,Ñ,V,
Spanish,Ñ,W,
Spanish,Ñ,X,
Spanish,Ñ,Y,
Spanish,Ñ,Z,
Spanish,N,A,
Spanish,N,B,
Spanish,N,C,
Spanish,N,D,
Spanish,N,E,
Spanish,N,F,
Spanish,N,G,
Spanish,N,H,
Spanish,N,I,
Spanish,N,J,
Spanish,N,K,
Spanish,N,L,
Spanish,N,M,
Spanish,N,N,
Spanish,N,O,
Spanish,N,P,
Spanish,N,Q,
Spanish,N,R,
Spanish,N,S,
Spanish,N,T,
Spanish,N,U,
Spanish,N,V,
Spanish,N,W,
Spanish,N,X,
Spanish,N,Y,
Spanish,N,Z,
Spanish,O,A,
Spanish,O,B,
Spanish,O,C,
Spanish,O,D,
Spanish,O,E,
Spanish,O,F,
Spanish,O,G,
Spanish,O,H,
Spanish,O,I,
Spanish,O,J,
Spanish,O,K,
Spanish,O,L,
Spanish,O,M,
Spanish,O,N,
Spanish,O,O,
Spanish,O,P,
Spanish,O,Q,
Spanish,O,R,
Spanish,O,S,
Spanish,O,T,
Spanish,O,U,
Spanish,O,V,
Spanish,O,W,
Spanish,O,X,
Spanish,O,Y,
Spanish,O,Z,
Spanish,P,A,
Spanish,P,B,
Spanish,P,C,
Spanish,P,D,
Spanish,P,E,
Spanish,P,F,
Spanish,P,G,
Spanish,P,H,
Spanish,P,I,
Spanish,P,J,
Spanish,P,K,
Spanish,P,L,
Spanish,P,M,
Spanish,P,N,
Spanish,P,O,
Spanish,P,P,
Spanish,P,Q,
Spanish,P,R,
Spanish,P,S,
Spanish,P,T,
Spanish,P,U,
Spanish,P,V,
Spanish,P,W,
Spanish,P,X,
Spanish,P,Y,
Spanish,P,Z,
Spanish,Q,A,
Spanish,Q,B,
Spanish,Q,C,
Spanish,Q,D,
Spanish,Q,E,
Spanish,Q,F,
Spanish,Q,G,
Spanish,Q,H,
Spanish,Q,I,
Spanish,Q,J,
Spanish,Q,K,
Spanish,Q,L,
Spanish,Q,M,
Spanish,Q,N,
Spanish,Q,O,
Spanish,Q,P,
Spanish,Q,Q,
Spanish,Q,R,
Spanish,Q,S,
Spanish,Q,T,
Spanish,Q,U,
Spanish,Q,V,
Spanish,Q,W,
Spanish,Q,X,
Spanish,Q,Y,
Spanish,Q,Z,
Spanish,R,A,
Spanish,R,B,
Spanish,R,C,
Spanish,R,D,
Spanish,R,E,
Spanish,R,F,
Spanish,R,G,
Spanish,R,H,
Spanish,R,I,
Spanish,R,J,
Spanish,R,K,
Spanish,R,L,
Spanish,R,M,
Spanish,R,N,
Spanish,R,O,
Spanish,R,P,
Spanish,R,Q,
Spanish,R,R,
Spanish,R,S,
Spanish,R,T,
Spanish,R,U,
Spanish,R,V,
Spanish,R,W,
Spanish,R,X,
Spanish,R,Y,
Spanish,R,Z,
Spanish,S,A,
Spanish,S,B,
Spanish,S,C,
Spanish,S,D,
Spanish,S,E,
Spanish,S,F,
Spanish,S,G,
Spanish,S,H,
Spanish,S,I,
Spanish,S,J,
Spanish,S,K,
Spanish,S,L,
Spanish,S,M,
Spanish,S,N,
Spanish,S,O,
Spanish,S,P,
Spanish,S,Q,
Spanish,S,R,
Spanish,S,S,
Spanish,S,T,
Spanish,S,U,
Spanish,S,V,
Spanish,S,W,
Spanish,S,X,
Spanish,S,Y,
Spanish,S,Z,
Spanish,T,A,
Spanish,T,B,
Spanish,T,C,
Spanish,T,D,
Spanish,T,E,
Spanish,T,F,
Spanish,T,G,
Spanish,T,H,
Spanish,T,I,
Spanish,T,J,
Spanish,T,K,
Spanish,T,L,
Spanish,T,M,
Spanish,T,N,
Spanish,T,O,
Spanish,T,P,
Spanish,T,Q,
Spanish,T,R,
Spanish,T,S,
Spanish,T,T,
Spanish,T,U,
Spanish,T,V,
Spanish,T,W,
Spanish,T,X,
Spanish,T,Y,
Spanish,T,Z,
Spanish,U,A,
Spanish,U,B,
Spanish,U,C,
Spanish,U,D,
Spanish,U,E,
Spanish,U,F,
Spanish,U,G,
Spanish,U,H,
Spanish,U,I,
Spanish,U,J,
Spanish,U,K,
Spanish,U,L,
Spanish,U,M,
Spanish,U,N,
Spanish,U,O,
Spanish,U,P,
Spanish,U,Q,
Spanish,U,R,
Spanish,U,S,
Spanish,U,T,
Spanish,U,U,
Spanish,U,V,
Spanish,U,W,
Spanish,U,X,
Spanish,U,Y,
Spanish,U,Z,
Spanish,V,A,
Spanish,V,B,
Spanish,V,C,
Spanish,V,D,
Spanish,V,E,
Spanish,V,F,
Spanish,V,G,
Spanish,V,H,
Spanish,V,I,
Spanish,V,J,
Spanish,V,K,
Spanish,V,L,
Spanish,V,M,
Spanish,V,N,
Spanish,V,O,
Spanish,V,P,
Spanish,V,Q,
Spanish,V,R,
Spanish,V,S,
Spanish,V,T,
Spanish,V,U,
Spanish,V,V,
Spanish,V,W,
Spanish,V,X,
Spanish,V,Y,
Spanish,V,Z,
Spanish,W,A,
Spanish,W,B,
Spanish,W,C,
Spanish,W,D,
Spanish,W,E,
Spanish,W,F,
Spanish,W,G,
Spanish,W,H,
Spanish,W,I,
Spanish,W,J,
Spanish,W,K,
Spanish,W,L,
Spanish,W,M,
Spanish,W,N,
Spanish,W,O,
Spanish,W,P,
Spanish,W,Q,
Spanish,W,R,
Spanish,W,S,
Spanish,W,T,
Spanish,W,U,
Spanish,W,V,
Spanish,W,W,
Spanish,W,X,
Spanish,W,Y,
Spanish,W,Z,
Spanish,X,A,
Spanish,X,B,
Spanish,X,C,
Spanish,X,D,
Spanish,X,E,
Spanish,X,F,
Spanish,X,G,
Spanish,X,H,
Spanish,X,I,
Spanish,X,J,
Spanish,X,K,
Spanish,X,L,
Spanish,X,M,
Spanish,X,N,
Spanish,X,O,
Spanish,X,P,
Spanish,X,Q,
Spanish,X,R,
Spanish,X,S,
Spanish,X,T,
Spanish,X,U,
Spanish,X,V,
Spanish,X,W,
Spanish,X,X,
Spanish,X,Y,
Spanish,X,Z,
Spanish,Y,A,
Spanish,Y,B,
Spanish,Y,C,
Spanish,Y,D,
Spanish,Y,E,
Spanish,Y,F,
Spanish,Y,G,
Spanish,Y,H,
Spanish,Y,I,
Spanish,Y,J,
Spanish,Y,K,
Spanish,Y,L,
Spanish,Y,M,
Spanish,Y,N,
Spanish,Y,O,
Spanish,Y,P,
Spanish,Y,Q,
Spanish,Y,R,
Spanish,Y,S,
Spanish,Y,T,
Spanish,Y,U,
Spanish,Y,V,
Spanish,Y,W,
Spanish,Y,X,
Spanish,Y,Y,
Spanish,Y,Z,
Spanish,Z,A,
Spanish,Z,B,
Spanish,Z,C,
Spanish,Z,D,
Spanish,Z,E,
Spanish,Z,F,
Spanish,Z,G,
Spanish,Z,H,
Spanish,Z,I,
Spanish,Z,J,
Spanish,Z,K,
Spanish,Z,L,
Spanish,Z,M,
Spanish,Z,N,
Spanish,Z,O,
Spanish,Z,P,
Spanish,Z,Q,
Spanish,Z,R,
Spanish,Z,S,
Spanish,Z,T,
Spanish,Z,U,
Spanish,Z,V,
Spanish,Z,W,
Spanish,Z,X,
Spanish,Z,Y,
Spanish,Z,Z,
Spanish,*,*,
English,A,A,
English,A,B,
English,A,C,
English,A,D,
English,A,E,
English,A,F,
English,A,G,
English,A,H,
English,A,I,
English,A,J,
English,A,K,
English,A,L,
English,A,M,
English,A,N,
English,A,O,
English,A,P,
English,A,Q,
English,A,R,
English,A,S,
English,A,T,
English,A,U,
English,A,V,
English,A,W,
English,A,X,
English,A,Y,
English,A,Z,
English,B,A,
English,B,B,
English,B,C,
English,B,D,
English,B,E,
English,B,F,
English,B,G,
English,B,H,
English,B,I,
English,B,J,
English,B,K,
English,B,L,
English,B,M,
English,B,N,
English,B,O,
English,B,P,
English,B,Q,
English,B,R,
English,B,S,
English,B,T,
English,B,U,
English,B,V,
English,B,W,
English,B,X,
English,B,Y,
English,B,Z,
English,C,A,
English,C,B,
English,C,C,
English,C,D,
English,C,E,
English,C,F,
English,C,G,
English,C,H,
English,C,I,
English,C,J,
English,C,K,
English,C,L,
English,C,M,
English,C,N,
English,C,O,
English,C,P,
English,C,Q,
English,C,R,
English,C,S,
English,C,T,
English,C,U,
English,C,V,
English,C,W,
English,C,X,
English,C,Y,
English,C,Z,
English,D,A,
English,D,B,
English,D,C,
English,D,D,
English,D,E,
English,D,F,
English,D,G,
English,D,H,
English,D,I,
English,D,J,
English,D,K,
English,D,L,
English,D,M,
English,D,N,
English,D,O,
English,D,P,
English,D,Q,
English,D,R,
English,D,S,
English,D,T,
English,D,U,
English,D,V,
English,D,W,
English,D,X,
English,D,Y,
English,D,Z,
English,E,A,
English,E,B,
English,E,C,
English,E,D,
English,E,E,
English,E,F,
English,E,G,
English,E,H,
English,E,I,
English,E,J,
English,E,K,
English,E,L,
English,E,M,
English,E,N,
English,E,O,
English,E,P,
English,E,Q,
English,E,R,
English,E,S,
English,E,T,
English,E,U,
English,E,V,
English,E,W,
English,E,X,
English,E,Y,
English,E,Z,
English,F,A,
English,F,B,
English,F,C,
English,F,D,
English,F,E,
English,F,F,
English,F,G,
English,F,H,
English,F,I,
English,F,J,
English,F,K,
English,F,L,
English,F,M,
English,F,N,
English,F,O,
English,F,P,
English,F,Q,
English,F,R,
English,F,S,
English,F,T,
English,F,U,
English,F,V,
English,F,W,
English,F,X,
English,F,Y,
English,F,Z,
English,G,A,
English,G,B,
English,G,C,
English,G,D,
English,G,E,
English,G,F,
English,G,G,
English,G,H,
English,G,I,
English,G,J,
English,G,K,
English,G,L,
English,G,M,
English,G,N,
English,G,O,
English,G,P,
English,G,Q,
English,G,R,
English,G,S,
English,G,T,
English,G,U,
English,G,V,
English,G,W,
English,G,X,
English,G,Y,
English,G,Z,
English,H,A,
English,H,B,
English,H,C,
English,H,D,
English,H,E,
English,H,F,
English,H,G,
English,H,H,
English,H,I,
English,H,J,
English,H,K,
English,H,L,
English,H,M,
English,H,N,
English,H,O,
English,H,P,
English,H,Q,
English,H,R,
English,H,S,
English,H,T,
English,H,U,
English,H,V,
English,H,W,
English,H,X,
English,H,Y,
English,H,Z,
English,I,A,
English,I,B,
English,I,C,
English,I,D,
English,I,E,
English,I,F,
English,I,G,
English,I,H,
English,I,I,
English,I,J,
English,I,K,
English,I,L,
English,I,M,
English,I,N,
English,I,O,
English,I,P,
English,I,Q,
English,I,R,
English,I,S,
English,I,T,
English,I,U,
English,I,V,
English,I,W,
English,I,X,
English,I,Y,
English,I,Z,
English,J,A,
English,J,B,
English,J,C,
English,J,D,
English,J,E,
English,J,F,
English,J,G,
English,J,H,
English,J,I,
English,J,J,
English,J,K,
English,J,L,
English,J,M,
English,J,N,
English,J,O,
English,J,P,
English,J,Q,
English,J,R,
English,J,S,
English,J,T,
English,J,U,
English,J,V,
English,J,W,
English,J,X,
English,J,Y,
English,J,Z,
English,K,A,
English,K,B,
English,K,C,
English,K,D,
English,K,E,
English,K,F,
English,K,G,
English,K,H,
English,K,I,
English,K,J,
English,K,K,
English,K,L,
English,K,M,
English,K,N,
English,K,O,
English,K,P,
English,K,Q,
English,K,R,
English,K,S,
English,K,T,
English,K,U,
English,K,V,
English,K,W,
English,K,X,
English,K,Y,
English,K,Z,
English,L,A,
English,L,B,
English,L,C,
English,L,D,
English,L,E,
English,L,F,
English,L,G,
English,L,H,
English,L,I,
English,L,J,
English,L,K,
English,L,L,
English,L,M,
English,L,N,
English,L,O,
English,L,P,
English,L,Q,
English,L,R,
English,L,S,
English,L,T,
English,L,U,
English,L,V,
English,L,W,
English,L,X,
English,L,Y,
English,L,Z,
English,M,A,
English,M,B,
English,M,C,
English,M,D,
English,M,E,
English,M,F,
English,M,G,
English,M,H,
English,M,I,
English,M,J,
English,M,K,
English,M,L,
English,M,M,
English,M,N,
English,M,O,
English,M,P,
English,M,Q,
English,M,R,
English,M,S,
English,M,T,
English,M,U,
English,M,V,
English,M,W,
English,M,X,
English,M,Y,
English,M,Z,
English,N,A,
English,N,B,
English,N,C,
English,N,D,
English,N,E,
English,N,F,
English,N,G,
English,N,H,
English,N,I,
English,N,J,
English,N,K,
English,N,L,
English,N,M,
English,N,N,
English,N,O,
English,N,P,
English,N,Q,
English,N,R,
English,N,S,
English,N,T,
English,N,U,
English,N,V,
English,N,W,
English,N,X,
English,N,Y,
English,N,Z,
English,O,A,
English,O,B,
English,O,C,
English,O,D,
English,O,E,
English,O,F,
English,O,G,
English,O,H,
English,O,I,
English,O,J,
English,O,K,
English,O,L,
English,O,M,
English,O,N,
English,O,O,
English,O,P,
English,O,Q,
English,O,R,
English,O,S,
English,O,T,
English,O,U,
English,O,V,
English,O,W,
English,O,X,
English,O,Y,
English,O,Z,
English,P,A,
English,P,B,
English,P,C,
English,P,D,
English,P,E,
English,P,F,
English,P,G,
English,P,H,
English,P,I,
English,P,J,
English,P,K,
English,P,L,
English,P,M,
English,P,N,
English,P,O,
English,P,P,
English,P,Q,
English,P,R,
English,P,S,
English,P,T,
English,P,U,
English,P,V,
English,P,W,
English,P,X,
English,P,Y,
English,P,Z,
English,Q,A,
English,Q,B,
English,Q,C,
English,Q,D,
English,Q,E,
English,Q,F,
English,Q,G,
English,Q,H,
English,Q,I,
English,Q,J,
English,Q,K,
English,Q,L,
English,Q,M,
English,Q,N,
English,Q,O,
English,Q,P,
English,Q,Q,
English,Q,R,
English,Q,S,
English,Q,T,
English,Q,U,
English,Q,V,
English,Q,W,
English,Q,X,
English,Q,Y,
English,Q,Z,
English,R,A,
English,R,B,
English,R,C,
English,R,D,
English,R,E,
English,R,F,
English,R,G,
English,R,H,
English,R,I,
English,R,J,
English,R,K,
English,R,L,
English,R,M,
English,R,N,
English,R,O,
English,R,P,
English,R,Q,
English,R,R,
English,R,S,
English,R,T,
English,R,U,
English,R,V,
English,R,W,
English,R,X,
English,R,Y,
English,R,Z,
English,S,A,
English,S,B,
English,S,C,
English,S,D,
English,S,E,
English,S,F,
English,S,G,
English,S,H,
English,S,I,
English,S,J,
English,S,K,
English,S,L,
English,S,M,
English,S,N,
English,S,O,
English,S,P,
English,S,Q,
English,S,R,
English,S,S,
English,S,T,
English,S,U,
English,S,V,
English,S,W,
English,S,X,
English,S,Y,
English,S,Z,
English,T,A,
English,T,B,
English,T,C,
English,T,D,
English,T,E,
English,T,F,
English,T,G,
English,T,H,
English,T,I,
English,T,J,
English,T,K,
English,T,L,
English,T,M,
English,T,N,
English,T,O,
English,T,P,
English,T,Q,
English,T,R,
English,T,S,
English,T,T,
English,T,U,
English,T,V,
English,T,W,
English,T,X,
English,T,Y,
English,T,Z,
English,U,A,
English,U,B,
English,U,C,
English,U,D,
English,U,E,
English,U,F,
English,U,G,
English,U,H,
English,U,I,
English,U,J,
English,U,K,
English,U,L,
English,U,M,
English,U,N,
English,U,O,
English,U,P,
English,U,Q,
English,U,R,
English,U,S,
English,U,T,
English,U,U,
English,U,V,
English,U,W,
English,U,X,
English,U,Y,
English,U,Z,
English,V,A,
English,V,B,
English,V,C,
English,V,D,
English,V,E,
English,V,F,
English,V,G,
English,V,H,
English,V,I,
English,V,J,
English,V,K,
English,V,L,
English,V,M,
English,V,N,
English,V,O,
English,V,P,
English,V,Q,
English,V,R,
English,V,S,
English,V,T,
English,V,U,
English,V,V,
English,V,W,
English,V,X,
English,V,Y,
English,V,Z,
English,W,A,
English,W,B,
English,W,C,
English,W,D,
English,W,E,
English,W,F,
English,W,G,
English,W,H,
English,W,I,
English,W,J,
English,W,K,
English,W,L,
English,W,M,
English,W,N,
English,W,O,
English,W,P,
English,W,Q,
English,W,R,
English,W,S,
English,W,T,
English,W,U,
English,W,V,
English,W,W,
English,W,X,
English,W,Y,
English,W,Z,
English,X,A,
English,X,B,
English,X,C,
English,X,D,
English,X,E,
English,X,F,
English,X,G,
English,X,H,
English,X,I,
English,X,J,
English,X,K,
English,X,L,
English,X,M,
English,X,N,
English,X,O,
English,X,P,
English,X,Q,
English,X,R,
English,X,S,
English,X,T,
English,X,U,
English,X,V,
English,X,W,
English,X,X,
English,X,Y,
English,X,Z,
English,Y,A,
English,Y,B,
English,Y,C,
English,Y,D,
English,Y,E,
English,Y,F,
English,Y,G,
English,Y,H,
English,Y,I,
English,Y,J,
English,Y,K,
English,Y,L,
English,Y,M,
English,Y,N,
English,Y,O,
English,Y,P,
English,Y,Q,
English,Y,R,
English,Y,S,
English,Y,T,
English,Y,U,
English,Y,V,
English,Y,W,
English,Y,X,
English,Y,Y,
English,Y,Z,
English,Z,A,
English,Z,B,
English,Z,C,
English,Z,D,
English,Z,E,
English,Z,F,
English,Z,G,
English,Z,H,
English,Z,I,
English,Z,J,
English,Z,K,
English,Z,L,
English,Z,M,
English,Z,N,
English,Z,O,
English,Z,P,
English,Z,Q,
English,Z,R,
English,Z,S,
English,Z,T,
English,Z,U,
English,Z,V,
English,Z,W,
English,Z,X,
English,Z,Y,
English,Z,Z,
English,*,*,
French,A,A,
French,A,B,
French,A,C,
French,A,D,
French,A,E,
French,A,F,
French,A,G,
French,A,H,
French,A,I,
French,A,J,
French,A,K,
French,A,L,
French,A,M,
French,A,N,
French,A,O,
French,A,P,
French,A,Q,
French,A,R,
French,A,S,
French,A,T,
French,A,U,
French,A,V,
French,A,W,
French,A,X,
French,A,Y,
French,A,Z,
French,B,A,
French,B,B,
French,B,C,
French,B,D,
French,B,E,
French,B,F,
French,B,G,
French,B,H,
French,B,I,
French,B,J,
French,B,K,
French,B,L,
French,B,M,
French,B,N,
French,B,O,
French,B,P,
French,B,Q,
French,B,R,
French,B,S,
French,B,T,
French,B,U,
French,B,V,
French,B,W,
French,B,X,
French,B,Y,
French,B,Z,
French,C,A,
French,C,B,
French,C,C,
French,C,D,
French,C,E,
French,C,F,
French,C,G,
French,C,H,
French,C,I,
French,C,J,
French,C,K,
French,C,L,
French,C,M,
French,C,N,
French,C,O,
French,C,P,
French,C,Q,
French,C,R,
French,C,S,
French,C,T,
French,C,U,
French,C,V,
French,C,W,
French,C,X,
French,C,Y,
French,C,Z,
French,D,A,
French,D,B,
French,D,C,
French,D,D,
French,D,E,
French,D,F,
French,D,G,
French,D,H,
French,D,I,
French,D,J,
French,D,K,
French,D,L,
French,D,M,
French,D,N,
French,D,O,
French,D,P,
French,D,Q,
French,D,R,
French,D,S,
French,D,T,
French,D,U,
French,D,V,
French,D,W,
French,D,X,
French,D,Y,
French,D,Z,
French,E,A,
French,E,B,
French,E,C,
French,E,D,
French,E,E,
French,E,F,
French,E,G,
French,E,H,
French,E,I,
French,E,J,
French,E,K,
French,E,L,
French,E,M,
French,E,N,
French,E,O,
French,E,P,
French,E,Q,
French,E,R,
French,E,S,
French,E,T,
French,E,U,
French,E,V,
French,E,W,
French,E,X,
French,E,Y,
French,E,Z,
French,F,A,
French,F,B,
French,F,C,
French,F,D,
French,F,E,
French,F,F,
French,F,G,
French,F,H,
French,F,I,
French,F,J,
French,F,K,
French,F,L,
French,F,M,
French,F,N,
French,F,O,
French,F,P,
French,F,Q,
French,F,R,
French,F,S,
French,F,T,
French,F,U,
French,F,V,
French,F,W,
French,F,X,
French,F,Y,
French,F,Z,
French,G,A,
French,G,B,
French,G,C,
French,G,D,
French,G,E,
French,G,F,
French,G,G,
French,G,H,
French,G,I,
French,G,J,
French,G,K,
French,G,L,
French,G,M,
French,G,N,
French,G,O,
French,G,P,
French,G,Q,
French,G,R,
French,G,S,
French,G,T,
French,G,U,
French,G,V,
French,G,W,
French,G,X,
French,G,Y,
French,G,Z,
French,H,A,
French,H,B,
French,H,C,
French,H,D,
French,H,E,
French,H,F,
French,H,G,
French,H,H,
French,H,I,
French,H,J,
French,H,K,
French,H,L,
French,H,M,
French,H,N,
French,H,O,
French,H,P,
French,H,Q,
French,H,R,
French,H,S,
French,H,T,
French,H,U,
French,H,V,
French,H,W,
French,H,X,
French,H,Y,
French,H,Z,
French,I,A,
French,I,B,
French,I,C,
French,I,D,
French,I,E,
French,I,F,
French,I,G,
French,I,H,
French,I,I,
French,I,J,
French,I,K,
French,I,L,
French,I,M,
French,I,N,
French,I,O,
French,I,P,
French,I,Q,
French,I,R,
French,I,S,
French,I,T,
French,I,U,
French,I,V,
French,I,W,
French,I,X,
French,I,Y,
French,I,Z,
French,J,A,
French,J,B,
French,J,C,
French,J,D,
French,J,E,
French,J,F,
French,J,G,
French,J,H,
French,J,I,
French,J,J,
French,J,K,
French,J,L,
French,J,M,
French,J,N,
French,J,O,
French,J,P,
French,J,Q,
French,J,R,
French,J,S,
French,J,T,
French,J,U,
French,J,V,
French,J,W,
French,J,X,
French,J,Y,
French,J,Z,
French,K,A,
French,K,B,
French,K,C,
French,K,D,
French,K,E,
French,K,F,
French,K,G,
French,K,H,
French,K,I,
French,K,J,
French,K,K,
French,K,L,
French,K,M,
French,K,N,
French,K,O,
French,K,P,
French,K,Q,
French,K,R,
French,K,S,
French,K,T,
French,K,U,
French,K,V,
French,K,W,
French,K,X,
French,K,Y,
French,K,Z,
French,L,A,
French,L,B,
French,L,C,
French,L,D,
French,L,E,
French,L,F,
French,L,G,
French,L,H,
French,L,I,
French,L,J,
French,L,K,
French,L,L,
French,L,M,
French,L,N,
French,L,O,
French,L,P,
French,L,Q,
French,L,R,
French,L,S,
French,L,T,
French,L,U,
French,L,V,
French,L,W,
French,L,X,
French,L,Y,
French,L,Z,
French,M,A,
French,M,B,
French,M,C,
French,M,D,
French,M,E,
French,M,F,
French,M,G,
French,M,H,
French,M,I,
French,M,J,
French,M,K,
French,M,L,
French,M,M,
French,M,N,
French,M,O,
French,M,P,
French,M,Q,
French,M,R,
French,M,S,
French,M,T,
French,M,U,
French,M,V,
French,M,W,
French,M,X,
French,M,Y,
French,M,Z,
French,N,A,
French,N,B,
French,N,C,
French,N,D,
French,N,E,
French,N,F,
French,N,G,
French,N,H,
French,N,I,
French,N,J,
French,N,K,
French,N,L,
French,N,M,
French,N,N,
French,N,O,
French,N,P,
French,N,Q,
French,N,R,
French,N,S,
French,N,T,
French,N,U,
French,N,V,
French,N,W,
French,N,X,
French,N,Y,
French,N,Z,
French,O,A,
French,O,B,
French,O,C,
French,O,D,
French,O,E,
French,O,F,
French,O,G,
French,O,H,
French,O,I,
French,O,J,
French,O,K,
French,O,L,
French,O,M,
French,O,N,
French,O,O,
French,O,P,
French,O,Q,
French,O,R,
French,O,S,
French,O,T,
French,O,U,
French,O,V,
French,O,W,
French,O,X,
French,O,Y,
French,O,Z,
French,P,A,
French,P,B,
French,P,C,
French,P,D,
French,P,E,
French,P,F,
French,P,G,
French,P,H,
French,P,I,
French,P,J,
French,P,K,
French,P,L,
French,P,M,
French,P,N,
French,P,O,
French,P,P,
French,P,Q,
French,P,R,
French,P,S,
French,P,T,
French,P,U,
French,P,V,
French,P,W,
French,P,X,
French,P,Y,
French,P,Z,
French,Q,A,
French,Q,B,
French,Q,C,
French,Q,D,
French,Q,E,
French,Q,F,
French,Q,G,
French,Q,H,
French,Q,I,
French,Q,J,
French,Q,K,
French,Q,L,
French,Q,M,
French,Q,N,
French,Q,O,
French,Q,P,
French,Q,Q,
French,Q,R,
French,Q,S,
French,Q,T,
French,Q,U,
French,Q,V,
French,Q,W,
French,Q,X,
French,Q,Y,
French,Q,Z,
French,R,A,
French,R,B,
French,R,C,
French,R,D,
French,R,E,
French,R,F,
French,R,G,
French,R,H,
French,R,I,
French,R,J,
French,R,K,
French,R,L,
French,R,M,
French,R,N,
French,R,O,
French,R,P,
French,R,Q,
French,R,R,
French,R,S,
French,R,T,
French,R,U,
French,R,V,
French,R,W,
French,R,X,
French,R,Y,
French,R,Z,
French,S,A,
French,S,B,
French,S,C,
French,S,D,
French,S,E,
French,S,F,
French,S,G,
French,S,H,
French,S,I,
French,S,J,
French,S,K,
French,S,L,
French,S,M,
French,S,N,
French,S,O,
French,S,P,
French,S,Q,
French,S,R,
French,S,S,
French,S,T,
French,S,U,
French,S,V,
French,S,W,
French,S,X,
French,S,Y,
French,S,Z,
French,T,A,
French,T,B,
French,T,C,
French,T,D,
French,T,E,
French,T,F,
French,T,G,
French,T,H,
French,T,I,
French,T,J,
French,T,K,
French,T,L,
French,T,M,
French,T,N,
French,T,O,
French,T,P,
French,T,Q,
French,T,R,
French,T,S,
French,T,T,
French,T,U,
French,T,V,
French,T,W,
French,T,X,
French,T,Y,
French,T,Z,
French,U,A,
French,U,B,
French,U,C,
French,U,D,
French,U,E,
French,U,F,
French,U,G,
French,U,H,
French,U,I,
French,U,J,
French,U,K,
French,U,L,
French,U,M,
French,U,N,
French,U,O,
French,U,P,
French,U,Q,
French,U,R,
French,U,S,
French,U,T,
French,U,U,
French,U,V,
French,U,W,
French,U,X,
French,U,Y,
French,U,Z,
French,V,A,
French,V,B,
French,V,C,
French,V,D,
French,V,E,
French,V,F,
French,V,G,
French,V,H,
French,V,I,
French,V,J,
French,V,K,
French,V,L,
French,V,M,
French,V,N,
French,V,O,
French,V,P,
French,V,Q,
French,V,R,
French,V,S,
French,V,T,
French,V,U,
French,V,V,
French,V,W,
French,V,X,
French,V,Y,
French,V,Z,
French,W,A,
French,W,B,
French,W,C,
French,W,D,
French,W,E,
French,W,F,
French,W,G,
French,W,H,
French,W,I,
French,W,J,
French,W,K,
French,W,L,
French,W,M,
French,W,N,
French,W,O,
French,W,P,
French,W,Q,
French,W,R,
French,W,S,
French,W,T,
French,W,U,
French,W,V,
French,W,W,
French,W,X,
French,W,Y,
French,W,Z,
French,X,A,
French,X,B,
French,X,C,
French,X,D,
French,X,E,
French,X,F,
French,X,G,
French,X,H,
French,X,I,
French,X,J,
French,X,K,
French,X,L,
French,X,M,
French,X,N,
French,X,O,
French,X,P,
French,X,Q,
French,X,R,
French,X,S,
French,X,T,
French,X,U,
French,X,V,
French,X,W,
French,X,X,
French,X,Y,
French,X,Z,
French,Y,A,
French,Y,B,
French,Y,C,
French,Y,D,
French,Y,E,
French,Y,F,
French,Y,G,
French,Y,H,
French,Y,I,
French,Y,J,
French,Y,K,
French,Y,L,
French,Y,M,
French,Y,N,
French,Y,O,
French,Y,P,
French,Y,Q,
French,Y,R,
French,Y,S,
French,Y,T,
French,Y,U,
French,Y,V,
French,Y,W,
French,Y,X,
French,Y,Y,
French,Y,Z,
French,Z,A,
French,Z,B,
French,Z,C,
French,Z,D,
French,Z,E,
French,Z,F,
French,Z,G,
French,Z,H,
French,Z,I,
French,Z,J,
French,Z,K,
French,Z,L,
French,Z,M,
French,Z,N,
French,Z,O,
French,Z,P,
French,Z,Q,
French,Z,R,
French,Z,S,
French,Z,T,
French,Z,U,
French,Z,V,
French,Z,W,
French,Z,X,
French,Z,Y,
French,Z,Z,
French,*,*,
German,A,A,
German,A,B,
German,A,C,
German,A,D,
German,A,E,
German,A,F,
German,A,G,
German,A,H,
German,A,I,
German,A,J,
German,A,K,
German,A,L,
German,A,M,
German,A,N,
German,A,O,
German,A,P,
German,A,Q,
German,A,R,
German,A,S,
German,A,T,
German,A,U,
German,A,V,
German,A,W,
German,A,X,
German,A,Y,
German,A,Z,
German,B,A,
German,B,B,
German,B,C,
German,B,D,
German,B,E,
German,B,F,
German,B,G,
German,B,H,
German,B,I,
German,B,J,
German,B,K,
German,B,L,
German,B,M,
German,B,N,
German,B,O,
German,B,P,
German,B,Q,
German,B,R,
German,B,S,
German,B,T,
German,B,U,
German,B,V,
German,B,W,
German,B,X,
German,B,Y,
German,B,Z,
German,C,A,
German,C,B,
German,C,C,
German,C,D,
German,C,E,
German,C,F,
German,C,G,
German,C,H,
German,C,I,
German,C,J,
German,C,K,
German,C,L,
German,C,M,
German,C,N,
German,C,O,
German,C,P,
German,C,Q,
German,C,R,
German,C,S,
German,C,T,
German,C,U,
German,C,V,
German,C,W,
German,C,X,
German,C,Y,
German,C,Z,
German,D,A,
German,D,B,
German,D,C,
German,D,D,
German,D,E,
German,D,F,
German,D,G,
German,D,H,
German,D,I,
German,D,J,
German,D,K,
German,D,L,
German,D,M,
German,D,N,
German,D,O,
German,D,P,
German,D,Q,
German,D,R,
German,D,S,
German,D,T,
German,D,U,
German,D,V,
German,D,W,
German,D,X,
German,D,Y,
German,D,Z,
German,E,A,
German,E,B,
German,E,C,
German,E,D,
German,E,E,
German,E,F,
German,E,G,
German,E,H,
German,E,I,
German,E,J,
German,E,K,
German,E,L,
German,E,M,
German,E,N,
German,E,O,
German,E,P,
German,E,Q,
German,E,R,
German,E,S,
German,E,T,
German,E,U,
German,E,V,
German,E,W,
German,E,X,
German,E,Y,
German,E,Z,
German,F,A,
German,F,B,
German,F,C,
German,F,D,
German,F,E,
German,F,F,
German,F,G,
German,F,H,
German,F,I,
German,F,J,
German,F,K,
German,F,L,
German,F,M,
German,F,N,
German,F,O,
German,F,P,
German,F,Q,
German,F,R,
German,F,S,
German,F,T,
German,F,U,
German,F,V,
German,F,W,
German,F,X,
German,F,Y,
German,F,Z,
German,G,A,
German,G,B,
German,G,C,
German,G,D,
German,G,E,
German,G,F,
German,G,G,
German,G,H,
German,G,I,
German,G,J,
German,G,K,
German,G,L,
German,G,M,
German,G,N,
German,G,O,
German,G,P,
German,G,Q,
German,G,R,
German,G,S,
German,G,T,
German,G,U,
German,G,V,
German,G,W,
German,G,X,
German,G,Y,
German,G,Z,
German,H,A,
German,H,B,
German,H,C,
German,H,D,
German,H,E,
German,H,F,
German,H,G,
German,H,H,
German,H,I,
German,H,J,
German,H,K,
German,H,L,
German,H,M,
German,H,N,
German,H,O,
German,H,P,
German,H,Q,
German,H,R,
German,H,S,
German,H,T,
German,H,U,
German,H,V,
German,H,W,
German,H,X,
German,H,Y,
German,H,Z,
German,I,A,
German,I,B,
German,I,C,
German,I,D,
German,I,E,
German,I,F,
German,I,G,
German,I,H,
German,I,I,
German,I,J,
German,I,K,
German,I,L,
German,I,M,
German,I,N,
German,I,O,
German,I,P,
German,I,Q,
German,I,R,
German,I,S,
German,I,T,
German,I,U,
German,I,V,
German,I,W,
German,I,X,
German,I,Y,
German,I,Z,
German,J,A,
German,J,B,
German,J,C,
German,J,D,
German,J,E,
German,J,F,
German,J,G,
German,J,H,
German,J,I,
German,J,J,
German,J,K,
German,J,L,
German,J,M,
German,J,N,
German,J,O,
German,J,P,
German,J,Q,
German,J,R,
German,J,S,
German,J,T,
German,J,U,
German,J,V,
German,J,W,
German,J,X,
German,J,Y,
German,J,Z,
German,K,A,
German,K,B,
German,K,C,
German,K,D,
German,K,E,
German,K,F,
German,K,G,
German,K,H,
German,K,I,
German,K,J,
German,K,K,
German,K,L,
German,K,M,
German,K,N,
German,K,O,
German,K,P,
German,K,Q,
German,K,R,
German,K,S,
German,K,T,
German,K,U,
German,K,V,
German,K,W,
German,K,X,
German,K,Y,
German,K,Z,
German,L,A,
German,L,B,
German,L,C,
German,L,D,
German,L,E,
German,L,F,
German,L,G,
German,L,H,
German,L,I,
German,L,J,
German,L,K,
German,L,L,
German,L,M,
German,L,N,
German,L,O,
German,L,P,
German,L,Q,
German,L,R,
German,L,S,
German,L,T,
German,L,U,
German,L,V,
German,L,W,
German,L,X,
German,L,Y,
German,L,Z,
German,M,A,
German,M,B,
German,M,C,
German,M,D,
German,M,E,
German,M,F,
German,M,G,
German,M,H,
German,M,I,
German,M,J,
German,M,K,
German,M,L,
German,M,M,
German,M,N,
German,M,O,
German,M,P,
German,M,Q,
German,M,R,
German,M,S,
German,M,T,
German,M,U,
German,M,V,
German,M,W,
German,M,X,
German,M,Y,
German,M,Z,
German,N,A,
German,N,B,
German,N,C,
German,N,D,
German,N,E,
German,N,F,
German,N,G,
German,N,H,
German,N,I,
German,N,J,
German,N,K,
German,N,L,
German,N,M,
German,N,N,
German,N,O,
German,N,P,
German,N,Q,
German,N,R,
German,N,S,
German,N,T,
German,N,U,
German,N,V,
German,N,W,
German,N,X,
German,N,Y,
German,N,Z,
German,O,A,
German,O,B,
German,O,C,
German,O,D,
German,O,E,
German,O,F,
German,O,G,
German,O,H,
German,O,I,
German,O,J,
German,O,K,
German,O,L,
German,O,M,
German,O,N,
German,O,O,
German,O,P,
German,O,Q,
German,O,R,
German,O,S,
German,O,T,
German,O,U,
German,O,V,
German,O,W,
German,O,X,
German,O,Y,
German,O,Z,
German,P,A,
German,P,B,
German,P,C,
German,P,D,
German,P,E,
German,P,F,
German,P,G,
German,P,H,
German,P,I,
German,P,J,
German,P,K,
German,P,L,
German,P,M,
German,P,N,
German,P,O,
German,P,P,
German,P,Q,
German,P,R,
German,P,S,
German,P,T,
German,P,U,
German,P,V,
German,P,W,
German,P,X,
German,P,Y,
German,P,Z,
German,Q,A,
German,Q,B,
German,Q,C,
German,Q,D,
German,Q,E,
German,Q,F,
German,Q,G,
German,Q,H,
German,Q,I,
German,Q,J,
German,Q,K,
German,Q,L,
German,Q,M,
German,Q,N,
German,Q,O,
German,Q,P,
German,Q,Q,
German,Q,R,
German,Q,S,
German,Q,T,
German,Q,U,
German,Q,V,
German,Q,W,
German,Q,X,
German,Q,Y,
German,Q,Z,
German,R,A,
German,R,B,
German,R,C,
German,R,D,
German,R,E,
German,R,F,
German,R,G,
German,R,H,
German,R,I,
German,R,J,
German,R,K,
German,R,L,
German,R,M,
German,R,N,
German,R,O,
German,R,P,
German,R,Q,
German,R,R,
German,R,S,
German,R,T,
German,R,U,
German,R,V,
German,R,W,
German,R,X,
German,R,Y,
German,R,Z,
German,S,A,
German,S,B,
German,S,C,
German,S,D,
German,S,E,
German,S,F,
German,S,G,
German,S,H,
German,S,I,
German,S,J,
German,S,K,
German,S,L,
German,S,M,
German,S,N,
German,S,O,
German,S,P,
German,S,Q,
German,S,R,
German,S,S,
German,S,T,
German,S,U,
German,S,V,
German,S,W,
German,S,X,
German,S,Y,
German,S,Z,
German,T,A,
German,T,B,
German,T,C,
German,T,D,
German,T,E,
German,T,F,
German,T,G,
German,T,H,
German,T,I,
German,T,J,
German,T,K,
German,T,L,
German,T,M,
German,T,N,
German,T,O,
German,T,P,
German,T,Q,
German,T,R,
German,T,S,
German,T,T,
German,T,U,
German,T,V,
German,T,W,
German,T,X,
German,T,Y,
German,T,Z,
German,U,A,
German,U,B,
German,U,C,
German,U,D,
German,U,E,
German,U,F,
German,U,G,
German,U,H,
German,U,I,
German,U,J,
German,U,K,
German,U,L,
German,U,M,
German,U,N,
German,U,O,
German,U,P,
German,U,Q,
German,U,R,
German,U,S,
German,U,T,
German,U,U,
German,U,V,
German,U,W,
German,U,X,
German,U,Y,
German,U,Z,
German,V,A,
German,V,B,
German,V,C,
German,V,D,
German,V,E,
German,V,F,
German,V,G,
German,V,H,
German,V,I,
German,V,J,
German,V,K,
German,V,L,
German,V,M,
German,V,N,
German,V,O,
German,V,P,
German,V,Q,
German,V,R,
German,V,S,
German,V,T,
German,V,U,
German,V,V,
German,V,W,
German,V,X,
German,V,Y,
German,V,Z,
German,W,A,
German,W,B,
German,W,C,
German,W,D,
German,W,E,
German,W,F,
German,W,G,
German,W,H,
German,W,I,
German,W,J,
German,W,K,
German,W,L,
German,W,M,
German,W,N,
German,W,O,
German,W,P,
German,W,Q,
German,W,R,
German,W,S,
German,W,T,
German,W,U,
German,W,V,
German,W,W,
German,W,X,
German,W,Y,
German,W,Z,
German,X,A,
German,X,B,
German,X,C,
German,X,D,
German,X,E,
German,X,F,
German,X,G,
German,X,H,
German,X,I,
German,X,J,
German,X,K,
German,X,L,
German,X,M,
German,X,N,
German,X,O,
German,X,P,
German,X,Q,
German,X,R,
German,X,S,
German,X,T,
German,X,U,
German,X,V,
German,X,W,
German,X,X,
German,X,Y,
German,X,Z,
German,Y,A,
German,Y,B,
German,Y,C,
German,Y,D,
German,Y,E,
German,Y,F,
German,Y,G,
German,Y,H,
German,Y,I,
German,Y,J,
German,Y,K,
German,Y,L,
German,Y,M,
German,Y,N,
German,Y,O,
German,Y,P,
German,Y,Q,
German,Y,R,
German,Y,S,
German,Y,T,
German,Y,U,
German,Y,V,
German,Y,W,
German,Y,X,
German,Y,Y,
German,Y,Z,
German,Z,A,
German,Z,B,
German,Z,C,
German,Z,D,
German,Z,E,
German,Z,F,
German,Z,G,
German,Z,H,
German,Z,I,
German,Z,J,
German,Z,K,
German,Z,L,
German,Z,M,
German,Z,N,
German,Z,O,
German,Z,P,
German,Z,Q,
German,Z,R,
German,Z,S,
German,Z,T,
German,Z,U,
German,Z,V,
German,Z,W,
German,Z,X,
German,Z,Y,
German,Z,Z,
German,*,*,
Portuguese,A,A,
Portuguese,A,B,
Portuguese,A,C,
Portuguese,A,D,
Portuguese,A,E,
Portuguese,A,F,
Portuguese,A,G,
Portuguese,A,H,
Portuguese,A,I,
Portuguese,A,J,
Portuguese,A,K,
Portuguese,A,L,
Portuguese,A,M,
Portuguese,A,N,
Portuguese,A,O,
Portuguese,A,P,
Portuguese,A,Q,
Portuguese,A,R,
Portuguese,A,S,
Portuguese,A,T,
Portuguese,A,U,
Portuguese,A,V,
Portuguese,A,W,
Portuguese,A,X,
Portuguese,A,Y,
Portuguese,A,Z,
Portuguese,B,A,
Portuguese,B,B,
Portuguese,B,C,
Portuguese,B,D,
Portuguese,B,E,
Portuguese,B,F,
Portuguese,B,G,
Portuguese,B,H,
Portuguese,B,I,
Portuguese,B,J,
Portuguese,B,K,
Portuguese,B,L,
Portuguese,B,M,
Portuguese,B,N,
Portuguese,B,O,
Portuguese,B,P,
Portuguese,B,Q,
Portuguese,B,R,
Portuguese,B,S,
Portuguese,B,T,
Portuguese,B,U,
Portuguese,B,V,
Portuguese,B,W,
Portuguese,B,X,
Portuguese,B,Y,
Portuguese,B,Z,
Portuguese,C,A,
Portuguese,C,B,
Portuguese,C,C,
Portuguese,C,D,
Portuguese,C,E,
Portuguese,C,F,
Portuguese,C,G,
Portuguese,C,H,
Portuguese,C,I,
Portuguese,C,J,
Portuguese,C,K,
Portuguese,C,L,
Portuguese,C,M,
Portuguese,C,N,
Portuguese,C,O,
Portuguese,C,P,
Portuguese,C,Q,
Portuguese,C,R,
Portuguese,C,S,
Portuguese,C,T,
Portuguese,C,U,
Portuguese,C,V,
Portuguese,C,W,
Portuguese,C,X,
Portuguese,C,Y,
Portuguese,C,Z,
Portuguese,D,A,
Portuguese,D,B,
Portuguese,D,C,
Portuguese,D,D,
Portuguese,D,E,
Portuguese,D,F,
Portuguese,D,G,
Portuguese,D,H,
Portuguese,D,I,
Portuguese,D,J,
Portuguese,D,K,
Portuguese,D,L,
Portuguese,D,M,
Portuguese,D,N,
Portuguese,D,O,
Portuguese,D,P,
Portuguese,D,Q,
Portuguese,D,R,
Portuguese,D,S,
Portuguese,D,T,
Portuguese,D,U,
Portuguese,D,V,
Portuguese,D,W,
Portuguese,D,X,
Portuguese,D,Y,
Portuguese,D,Z,
Portuguese,E,A,
Portuguese,E,B,
Portuguese,E,C,
Portuguese,E,D,
Portuguese,E,E,
Portuguese,E,F,
Portuguese,E,G,
Portuguese,E,H,
Portuguese,E,I,
Portuguese,E,J,
Portuguese,E,K,
Portuguese,E,L,
Portuguese,E,M,
Portuguese,E,N,
Portuguese,E,O,
Portuguese,E,P,
Portuguese,E,Q,
Portuguese,E,R,
Portuguese,E,S,
Portuguese,E,T,
Portuguese,E,U,
Portuguese,E,V,
Portuguese,E,W,
Portuguese,E,X,
Portuguese,E,Y,
Portuguese,E,Z,
Portuguese,F,A,
Portuguese,F,B,
Portuguese,F,C,
Portuguese,F,D,
Portuguese,F,E,
Portuguese,F,F,
Portuguese,F,G,
Portuguese,F,H,
Portuguese,F,I,
Portuguese,F,J,
Portuguese,F,K,
Portuguese,F,L,
Portuguese,F,M,
Portuguese,F,N,
Portuguese,F,O,
Portuguese,F,P,
Portuguese,F,Q,
Portuguese,F,R,
Portuguese,F,S,
Portuguese,F,T,
Portuguese,F,U,
Portuguese,F,V,
Portuguese,F,W,
Portuguese,F,X,
Portuguese,F,Y,
Portuguese,F,Z,
Portuguese,G,A,
Portuguese,G,B,
Portuguese,G,C,
Portuguese,G,D,
Portuguese,G,E,
Portuguese,G,F,
Portuguese,G,G,
Portuguese,G,H,
Portuguese,G,I,
Portuguese,G,J,
Portuguese,G,K,
Portuguese,G,L,
Portuguese,G,M,
Portuguese,G,N,
Portuguese,G,O,
Portuguese,G,P,
Portuguese,G,Q,
Portuguese,G,R,
Portuguese,G,S,
Portuguese,G,T,
Portuguese,G,U,
Portuguese,G,V,
Portuguese,G,W,
Portuguese,G,X,
Portuguese,G,Y,
Portuguese,G,Z,
Portuguese,H,A,
Portuguese,H,B,
Portuguese,H,C,
Portuguese,H,D,
Portuguese,H,E,
Portuguese,H,F,
Portuguese,H,G,
Portuguese,H,H,
Portuguese,H,I,
Portuguese,H,J,
Portuguese,H,K,
Portuguese,H,L,
Portuguese,H,M,
Portuguese,H,N,
Portuguese,H,O,
Portuguese,H,P,
Portuguese,H,Q,
Portuguese,H,R,
Portuguese,H,S,
Portuguese,H,T,
Portuguese,H,U,
Portuguese,H,V,
Portuguese,H,W,
Portuguese,H,X,
Portuguese,H,Y,
Portuguese,H,Z,
Portuguese,I,A,
Portuguese,I,B,
Portuguese,I,C,
Portuguese,I,D,
Portuguese,I,E,
Portuguese,I,F,
Portuguese,I,G,
Portuguese,I,H,
Portuguese,I,I,
Portuguese,I,J,
Portuguese,I,K,
Portuguese,I,L,
Portuguese,I,M,
Portuguese,I,N,
Portuguese,I,O,
Portuguese,I,P,
Portuguese,I,Q,
Portuguese,I,R,
Portuguese,I,S,
Portuguese,I,T,
Portuguese,I,U,
Portuguese,I,V,
Portuguese,I,W,
Portuguese,I,X,
Portuguese,I,Y,
Portuguese,I,Z,
Portuguese,J,A,
Portuguese,J,B,
Portuguese,J,C,
Portuguese,J,D,
Portuguese,J,E,
Portuguese,J,F,
Portuguese,J,G,
Portuguese,J,H,
Portuguese,J,I,
Portuguese,J,J,
Portuguese,J,K,
Portuguese,J,L,
Portuguese,J,M,
Portuguese,J,N,
Portuguese,J,O,
Portuguese,J,P,
Portuguese,J,Q,
Portuguese,J,R,
Portuguese,J,S,
Portuguese,J,T,
Portuguese,J,U,
Portuguese,J,V,
Portuguese,J,W,
Portuguese,J,X,
Portuguese,J,Y,
Portuguese,J,Z,
Portuguese,K,A,
Portuguese,K,B,
Portuguese,K,C,
Portuguese,K,D,
Portuguese,K,E,
Portuguese,K,F,
Portuguese,K,G,
Portuguese,K,H,
Portuguese,K,I,
Portuguese,K,J,
Portuguese,K,K,
Portuguese,K,L,
Portuguese,K,M,
Portuguese,K,N,
Portuguese,K,O,
Portuguese,K,P,
Portuguese,K,Q,
Portuguese,K,R,
Portuguese,K,S,
Portuguese,K,T,
Portuguese,K,U,
Portuguese,K,V,
Portuguese,K,W,
Portuguese,K,X,
Portuguese,K,Y,
Portuguese,K,Z,
Portuguese,L,A,
Portuguese,L,B,
Portuguese,L,C,
Portuguese,L,D,
Portuguese,L,E,
Portuguese,L,F,
Portuguese,L,G,
Portuguese,L,H,
Portuguese,L,I,
Portuguese,L,J,
Portuguese,L,K,
Portuguese,L,L,
Portuguese,L,M,
Portuguese,L,N,
Portuguese,L,O,
Portuguese,L,P,
Portuguese,L,Q,
Portuguese,L,R,
Portuguese,L,S,
Portuguese,L,T,
Portuguese,L,U,
Portuguese,L,V,
Portuguese,L,W,
Portuguese,L,X,
Portuguese,L,Y,
Portuguese,L,Z,
Portuguese,M,A,
Portuguese,M,B,
Portuguese,M,C,
Portuguese,M,D,
Portuguese,M,E,
Portuguese,M,F,
Portuguese,M,G,
Portuguese,M,H,
Portuguese,M,I,
Portuguese,M,J,
Portuguese,M,K,
Portuguese,M,L,
Portuguese,M,M,
Portuguese,M,N,
Portuguese,M,O,
Portuguese,M,P,
Portuguese,M,Q,
Portuguese,M,R,
Portuguese,M,S,
Portuguese,M,T,
Portuguese,M,U,
Portuguese,M,V,
Portuguese,M,W,
Portuguese,M,X,
Portuguese,M,Y,
Portuguese,M,Z,
Portuguese,N,A,
Portuguese,N,B,
Portuguese,N,C,
Portuguese,N,D,
Portuguese,N,E,
Portuguese,N,F,
Portuguese,N,G,
Portuguese,N,H,
Portuguese,N,I,
Portuguese,N,J,
Portuguese,N,K,
Portuguese,N,L,
Portuguese,N,M,
Portuguese,N,N,
Portuguese,N,O,
Portuguese,N,P,
Portuguese,N,Q,
Portuguese,N,R,
Portuguese,N,S,
Portuguese,N,T,
Portuguese,N,U,
Portuguese,N,V,
Portuguese,N,W,
Portuguese,N,X,
Portuguese,N,Y,
Portuguese,N,Z,
Portuguese,O,A,
Portuguese,O,B,
Portuguese,O,C,
Portuguese,O,D,
Portuguese,O,E,
Portuguese,O,F,
Portuguese,O,G,
Portuguese,O,H,
Portuguese,O,I,
Portuguese,O,J,
Portuguese,O,K,
Portuguese,O,L,
Portuguese,O,M,
Portuguese,O,N,
Portuguese,O,O,
Portuguese,O,P,
Portuguese,O,Q,
Portuguese,O,R,
Portuguese,O,S,
Portuguese,O,T,
Portuguese,O,U,
Portuguese,O,V,
Portuguese,O,W,
Portuguese,O,X,
Portuguese,O,Y,
Portuguese,O,Z,
Portuguese,P,A,
Portuguese,P,B,
Portuguese,P,C,
Portuguese,P,D,
Portuguese,P,E,
Portuguese,P,F,
Portuguese,P,G,
Portuguese,P,H,
Portuguese,P,I,
Portuguese,P,J,
Portuguese,P,K,
Portuguese,P,L,
Portuguese,P,M,
Portuguese,P,N,
Portuguese,P,O,
Portuguese,P,P,
Portuguese,P,Q,
Portuguese,P,R,
Portuguese,P,S,
Portuguese,P,T,
Portuguese,P,U,
Portuguese,P,V,
Portuguese,P,W,
Portuguese,P,X,
Portuguese,P,Y,
Portuguese,P,Z,
Portuguese,Q,A,
Portuguese,Q,B,
Portuguese,Q,C,
Portuguese,Q,D,
Portuguese,Q,E,
Portuguese,Q,F,
Portuguese,Q,G,
Portuguese,Q,H,
Portuguese,Q,I,
Portuguese,Q,J,
Portuguese,Q,K,
Portuguese,Q,L,
Portuguese,Q,M,
Portuguese,Q,N,
Portuguese,Q,O,
Portuguese,Q,P,
Portuguese,Q,Q,
Portuguese,Q,R,
Portuguese,Q,S,
Portuguese,Q,T,
Portuguese,Q,U,
Portuguese,Q,V,
Portuguese,Q,W,
Portuguese,Q,X,
Portuguese,Q,Y,
Portuguese,Q,Z,
Portuguese,R,A,
Portuguese,R,B,
Portuguese,R,C,
Portuguese,R,D,
Portuguese,R,E,
Portuguese,R,F,
Portuguese,R,G,
Portuguese,R,H,
Portuguese,R,I,
Portuguese,R,J,
Portuguese,R,K,
Portuguese,R,L,
Portuguese,R,M,
Portuguese,R,N,
Portuguese,R,O,
Portuguese,R,P,
Portuguese,R,Q,
Portuguese,R,R,
Portuguese,R,S,
Portuguese,R,T,
Portuguese,R,U,
Portuguese,R,V,
Portuguese,R,W,
Portuguese,R,X,
Portuguese,R,Y,
Portuguese,R,Z,
Portuguese,S,A,
Portuguese,S,B,
Portuguese,S,C,
Portuguese,S,D,
Portuguese,S,E,
Portuguese,S,F,
Portuguese,S,G,
Portuguese,S,H,
Portuguese,S,I,
Portuguese,S,J,
Portuguese,S,K,
Portuguese,S,L,
Portuguese,S,M,
Portuguese,S,N,
Portuguese,S,O,
Portuguese,S,P,
Portuguese,S,Q,
Portuguese,S,R,
Portuguese,S,S,
Portuguese,S,T,
Portuguese,S,U,
Portuguese,S,V,
Portuguese,S,W,
Portuguese,S,X,
Portuguese,S,Y,
Portuguese,S,Z,
Portuguese,T,A,
Portuguese,T,B,
Portuguese,T,C,
Portuguese,T,D,
Portuguese,T,E,
Portuguese,T,F,
Portuguese,T,G,
Portuguese,T,H,
Portuguese,T,I,
Portuguese,T,J,
Portuguese,T,K,
Portuguese,T,L,
Portuguese,T,M,
Portuguese,T,N,
Portuguese,T,O,
Portuguese,T,P,
Portuguese,T,Q,
Portuguese,T,R,
Portuguese,T,S,
Portuguese,T,T,
Portuguese,T,U,
Portuguese,T,V,
Portuguese,T,W,
Portuguese,T,X,
Portuguese,T,Y,
Portuguese,T,Z,
Portuguese,U,A,
Portuguese,U,B,
Portuguese,U,C,
Portuguese,U,D,
Portuguese,U,E,
Portuguese,U,F,
Portuguese,U,G,
Portuguese,U,H,
Portuguese,U,I,
Portuguese,U,J,
Portuguese,U,K,
Portuguese,U,L,
Portuguese,U,M,
Portuguese,U,N,
Portuguese,U,O,
Portuguese,U,P,
Portuguese,U,Q,
Portuguese,U,R,
Portuguese,U,S,
Portuguese,U,T,
Portuguese,U,U,
Portuguese,U,V,
Portuguese,U,W,
Portuguese,U,X,
Portuguese,U,Y,
Portuguese,U,Z,
Portuguese,V,A,
Portuguese,V,B,
Portuguese,V,C,
Portuguese,V,D,
Portuguese,V,E,
Portuguese,V,F,
Portuguese,V,G,
Portuguese,V,H,
Portuguese,V,I,
Portuguese,V,J,
Portuguese,V,K,
Portuguese,V,L,
Portuguese,V,M,
Portuguese,V,N,
Portuguese,V,O,
Portuguese,V,P,
Portuguese,V,Q,
Portuguese,V,R,
Portuguese,V,S,
Portuguese,V,T,
Portuguese,V,U,
Portuguese,V,V,
Portuguese,V,W,
Portuguese,V,X,
Portuguese,V,Y,
Portuguese,V,Z,
Portuguese,W,A,
Portuguese,W,B,
Portuguese,W,C,
Portuguese,W,D,
Portuguese,W,E,
Portuguese,W,F,
Portuguese,W,G,
Portuguese,W,H,
Portuguese,W,I,
Portuguese,W,J,
Portuguese,W,K,
Portuguese,W,L,
Portuguese,W,M,
Portuguese,W,N,
Portuguese,W,O,
Portuguese,W,P,
Portuguese,W,Q,
Portuguese,W,R,
Portuguese,W,S,
Portuguese,W,T,
Portuguese,W,U,
Portuguese,W,V,
Portuguese,W,W,
Portuguese,W,X,
Portuguese,W,Y,
Portuguese,W,Z,
Portuguese,X,A,
Portuguese,X,B,
Portuguese,X,C,
Portuguese,X,D,
Portuguese,X,E,
Portuguese,X,F,
Portuguese,X,G,
Portuguese,X,H,
Portuguese,X,I,
Portuguese,X,J,
Portuguese,X,K,
Portuguese,X,L,
Portuguese,X,M,
Portuguese,X,N,
Portuguese,X,O,
Portuguese,X,P,
Portuguese,X,Q,
Portuguese,X,R,
Portuguese,X,S,
Portuguese,X,T,
Portuguese,X,U,
Portuguese,X,V,
Portuguese,X,W,
Portuguese,X,X,
Portuguese,X,Y,
Portuguese,X,Z,
Portuguese,Y,A,
Portuguese,Y,B,
Portuguese,Y,C,
Portuguese,Y,D,
Portuguese,Y,E,
Portuguese,Y,F,
Portuguese,Y,G,
Portuguese,Y,H,
Portuguese,Y,I,
Portuguese,Y,J,
Portuguese,Y,K,
Portuguese,Y,L,
Portuguese,Y,M,
Portuguese,Y,N,
Portuguese,Y,O,
Portuguese,Y,P,
Portuguese,Y,Q,
Portuguese,Y,R,
Portuguese,Y,S,
Portuguese,Y,T,
Portuguese,Y,U,
Portuguese,Y,V,
Portuguese,Y,W,
Portuguese,Y,X,
Portuguese,Y,Y,
Portuguese,Y,Z,
Portuguese,Z,A,
Portuguese,Z,B,
Portuguese,Z,C,
Portuguese,Z,D,
Portuguese,Z,E,
Portuguese,Z,F,
Portuguese,Z,G,
Portuguese,Z,H,
Portuguese,Z,I,
Portuguese,Z,J,
Portuguese,Z,K,
Portuguese,Z,L,
Portuguese,Z,M,
Portuguese,Z,N,
Portuguese,Z,O,
Portuguese,Z,P,
Portuguese,Z,Q,
Portuguese,Z,R,
Portuguese,Z,S,
Portuguese,Z,T,
Portuguese,Z,U,
Portuguese,Z,V,
Portuguese,Z,W,
Portuguese,Z,X,
Portuguese,Z,Y,
Portuguese,Z,Z,
Portuguese,*,*,
